Index,Sequence,Length
"(33, 82)",DIQQTFFDKTWPRPIDVSKADGIIYPQGRTYSNITITYQGLFPYQGDHGD,50
"(106, 124)",QDVKQFANGFVVRIGAAAN,19
"(137, 149)",ATIRKIYPAFMLG,13
"(151, 160)",SVGNFSDGKM,10
"(166, 189)",HTLVLLPDGCGTLLRAFYCILEPR,24
"(211, 220)",TDCSDGNYNR,10
"(228, 240)",KEYFNLRNCTFMY,13
"(242, 261)",YNITEDEILEWFGITQTAQG,20
"(263, 297)",HLFSSRYVDLYGGNMFQFATLPVYDTIKYYSIIPH,35
"(304, 312)",SDRKAWAAF,9
"(321, 334)",TFLLDFSVDGYIRR,14
"(337, 346)",DCGFNDLSQL,10
"(351, 372)",ESFDVESGVYSVSSFEAKPSGS,22
"(387, 404)",LLSGTPPQVYNFKRLVFT,18
"(413, 422)",LLSLFSVNDF,10
"(424, 457)",CSQISPAAIASNCYSSLILDYFSYPLSMKSDLSV,34
"(473, 504)",SNPTCLILATVPHNLTTITKPLKYSYINKCSR,32
"(539, 551)",YYRKQLSPLEGGG,13
"(560, 573)",VAMTEQLQMGFGIT,14
"(575, 583)",QYGTDTNSV,9
"(585, 596)",PKLEFANDTKIA,12
"(598, 610)",QLGNCVEYSLYGV,13
"(612, 624)",GRGVFQNCTAVGV,13
"(639, 694)",GYYSDDGNYYCLRACVSVPVSVIYDKETKTHATLFGSVACEHISSTMSQYSRSTRS,56
"(700, 708)",DSTYGPLQT,9
"(718, 740)",NSSLFVEDCKLPLGQSLCALPDT,23
"(748, 769)",SVRSVPGEMRLASIAFNHPIQV,22
"(771, 808)",QLNSSYFKLSIPTNFSFGVTQEYIQTTIQKVTVDCKQY,38
"(815, 831)",KCEQLLREYGQFCSKIN,17
"(833, 846)",ALHGANLRQDDSVR,14
"(848, 873)",LFASVKSSQSSPIIPGFGGDFNLTLL,26
"(875, 918)",PVSISTGSRSARSAIEDLLFDKVTIADPGYMQGYDDCMQQGPAS,44
"(920, 946)",RDLICAQYVAGYKVLPPLMDVNMEAAY,27
"(1109, 1119)",QSKRSGFCGQG,11
"(1121, 1164)",HIVSFVVNAPNGLYFMHVGYYPSNHIEVVSAYGLCDAANPTNCI,44
"(1166, 1178)",PVNGYFIKTNNTR,13
"(1183, 1191)",WSYTGSSFY,9
"(1208, 1222)",VTYQNISTNLPPPLL,15
"(1254, 1265)",INTTLLDLTYEM,12
"(1267, 1298)",SLQQVVKALNESYIDLKELGNYTYYNKWPWYI,32
"(1300, 1311)",LGFIAGLVALAL,12
"(1314, 1331)",FFILCCTGCGTNCMGKLK,18
"(1333, 1351)",NRCCDRYEEYDLEPHKVHV,19
