Index,Sequence,Length,Virus Name
"(35, 47)",VYYPDKVFRSSVL,13,SARS4
"(143, 151)",YYHKNNKSW,9,SARS4
"(528, 545)",KSTNLVKNKCVNFNFNGL,18,SARS4
"(761, 769)",QLNRALTGI,9,SARS4
"(841, 877)",GDIAARDLICAQKFNGLTVLPPLLTDEMIAQYTSALL,37,SARS4
"(899, 918)",MQMAYRFNGIGVTQNVLYEN,20,SARS4
"(920, 937)",KLIANQFNSAIGKIQDSL,18,SARS4
"(959, 1050)",NTLVKQLSSNFGAISSVLNDILSRLDKVEAEVQIDRLITGRLQSLQTYVTQQLIRAAEIRASANLAATKMSECVLGQSKRVDFCGKGYHLMS,92,SARS4
"(1052, 1069)",PQSAPHGVVFLHVTYVPA,18,SARS4
"(1071, 1082)",EKNFTTAPAICH,12,SARS4
"(1089, 1138)",PREGVFVSNGTHWFVTQRNFYEPQIITTDNTFVSGNCDVVIGIVNNTVYD,50,SARS4
"(1144, 1160)",LDSFKEELDKYFKNHTS,17,SARS4
"(1250, 1271)",GSCCKFDEDDSEPVLKGVKLHY,22,SARS4
